[{"model": "meeting.stockholder", "pk": 2, "fields": {"user": 3, "first_name": "محمد", "last_name": "ثابت", "gender": "M", "birthday": "2022-11-04", "national_id": "3051213277", "email": null, "mobile": null, "signature": "signatures/sabet.png"}}, {"model": "meeting.stockholder", "pk": 3, "fields": {"user": 4, "first_name": "مجتبی", "last_name": "صباغ جعفری", "gender": "M", "birthday": "2022-11-07", "national_id": "3051213276", "email": "mojtaba.sabbagh@vru.ac.ir", "mobile": null, "signature": "signatures/emza1-removebg.png"}}, {"model": "meeting.stockholder", "pk": 4, "fields": {"user": 12, "first_name": "علی", "last_name": "بادپروا", "gender": "M", "birthday": "2022-11-21", "national_id": null, "email": null, "mobile": null, "signature": "signatures/badparva.png"}}, {"model": "meeting.stockholder", "pk": 5, "fields": {"user": 2, "first_name": "حبیبه", "last_name": "مسلمی", "gender": "F", "birthday": "2022-11-21", "national_id": "299348733", "email": null, "mobile": null, "signature": "signatures/moslemi.png"}}, {"model": "meeting.stockholder", "pk": 6, "fields": {"user": 7, "first_name": "عرفان", "last_name": "رجب‌زاده", "gender": "M", "birthday": "2022-11-24", "national_id": "3051414007", "email": null, "mobile": null, "signature": "signatures/rajabzadeh.png"}}, {"model": "meeting.stockholder", "pk": 7, "fields": {"user": 8, "first_name": "مرتضی", "last_name": "جعفرپور", "gender": "M", "birthday": "2023-01-23", "national_id": "1234567891", "email": null, "mobile": null, "signature": "signatures/jafarpour.png"}}, {"model": "meeting.stockholder", "pk": 8, "fields": {"user": 9, "first_name": "احمد", "last_name": "صابری", "gender": "M", "birthday": "2023-01-23", "national_id": "1234567892", "email": null, "mobile": null, "signature": "signatures/saberi.png"}}, {"model": "meeting.stockholder", "pk": 9, "fields": {"user": 10, "first_name": "عباس", "last_name": "درب‌هنزی", "gender": "M", "birthday": "2023-01-23", "national_id": "1234567893", "email": null, "mobile": null, "signature": "signatures/darbhanzi.png"}}, {"model": "meeting.stockholder", "pk": 10, "fields": {"user": 11, "first_name": "حسین", "last_name": "نگارستانی", "gender": "M", "birthday": "2023-01-23", "national_id": "1234567894", "email": null, "mobile": null, "signature": "signatures/negarestani.png"}}, {"model": "meeting.stockholder", "pk": 11, "fields": {"user": 5, "first_name": "علی", "last_name": "روح امینی", "gender": "M", "birthday": "2024-08-23", "national_id": "3051002781", "email": "ali@yahoo.com", "mobile": null, "signature": "signatures/rouhamini.png"}}, {"model": "meeting.stockholder", "pk": 12, "fields": {"user": 13, "first_name": "نامشخص", "last_name": "وجودندارد", "gender": "M", "birthday": "2024-08-24", "national_id": "1234567890", "email": null, "mobile": null, "signature": ""}}, {"model": "meeting.student", "pk": 1, "fields": {"stockholder": 4, "stdno": "95149007", "major": "علوم کامپیوتر", "maghta": "کارشناسی"}}, {"model": "meeting.student", "pk": 2, "fields": {"stockholder": 6, "stdno": "99149011", "major": "مهندسی کامپیوتر", "maghta": "کارشناسی"}}, {"model": "meeting.employee", "pk": 1, "fields": {"stockholder": 5, "employee_no": "76666", "position": "مسئول دفتر معاونت آموزشی", "type": "کارمند", "dep": "معاونت آموزشی"}}, {"model": "meeting.employee", "pk": 2, "fields": {"stockholder": 2, "employee_no": "87222", "position": "معاون آموزشی", "type": "هیات علمی", "dep": "معاونت آموزشی"}}, {"model": "meeting.employee", "pk": 3, "fields": {"stockholder": 3, "employee_no": "873922", "position": "مدیر فناوری اطلاعات", "type": "هیات علمی", "dep": "گروه مهندسی کامپیوتر"}}, {"model": "meeting.employee", "pk": 4, "fields": {"stockholder": 7, "employee_no": "1234567", "position": "معاون پژوهشی", "type": "هیات علمی", "dep": "معاونت پژوهشی"}}, {"model": "meeting.employee", "pk": 5, "fields": {"stockholder": 8, "employee_no": "1234567892", "position": "رئیس دانشکده کشاورزی", "type": "هیات علمی", "dep": "دانشکده کشاورزی"}}, {"model": "meeting.employee", "pk": 6, "fields": {"stockholder": 9, "employee_no": "1234567893", "position": "رئیس دانشکده فنی مهندسی", "type": "هیات علمی", "dep": "دانشکده فنی مهندسی"}}, {"model": "meeting.employee", "pk": 7, "fields": {"stockholder": 10, "employee_no": "1234567894", "position": "مدیردفتر ریاست", "type": "هیات علمی", "dep": "دانشکده علوم ریاضی"}}, {"model": "meeting.meeting", "pk": 1, "fields": {"meeting_name": "شورای آموزشی دانشگاه", "period": "روزانه", "creator": 2}}, {"model": "meeting.meeting", "pk": 6, "fields": {"meeting_name": "جلسه شورای دانشگاه", "period": "دوهفتگی", "creator": 2}}, {"model": "meeting.meeting", "pk": 9, "fields": {"meeting_name": "جلسه گروه کامپیوتر", "period": "غیرمشخص", "creator": 4}}, {"model": "meeting.meeting", "pk": 11, "fields": {"meeting_name": "جلسه کمیته خیرین دانشگاه", "period": "غیرمشخص", "creator": 3}}, {"model": "meeting.meeting", "pk": 15, "fields": {"meeting_name": "جلسه شورای دانشکده مهندسی", "period": "روزانه", "creator": 4}}, {"model": "meeting.meeting", "pk": 16, "fields": {"meeting_name": "جلسه هیات رئیسه", "period": "روزانه", "creator": 4}}, {"model": "meeting.meeting", "pk": 17, "fields": {"meeting_name": "جلسه شورای فناوری اطلاعات", "period": "غیرمشخص", "creator": 4}}, {"model": "meeting.membership", "pk": 4, "fields": {"employee": 2, "meeting": 1, "role": "عضو"}}, {"model": "meeting.membership", "pk": 5, "fields": {"employee": 3, "meeting": 1, "role": "دبیر"}}, {"model": "meeting.membership", "pk": 6, "fields": {"employee": 3, "meeting": 9, "role": "دبیر"}}, {"model": "meeting.membership", "pk": 7, "fields": {"employee": 1, "meeting": 9, "role": "عضو"}}, {"model": "meeting.membership", "pk": 8, "fields": {"employee": 2, "meeting": 6, "role": "عضو"}}, {"model": "meeting.membership", "pk": 13, "fields": {"employee": 2, "meeting": 11, "role": "دبیر"}}, {"model": "meeting.membership", "pk": 14, "fields": {"employee": 3, "meeting": 6, "role": "عضو"}}, {"model": "meeting.membership", "pk": 15, "fields": {"employee": 1, "meeting": 6, "role": "عضو"}}, {"model": "meeting.membership", "pk": 16, "fields": {"employee": 1, "meeting": 1, "role": "عضو"}}, {"model": "meeting.membership", "pk": 17, "fields": {"employee": 1, "meeting": 15, "role": "دبیر"}}, {"model": "meeting.membership", "pk": 18, "fields": {"employee": 2, "meeting": 15, "role": "عضو"}}, {"model": "meeting.membership", "pk": 21, "fields": {"employee": 3, "meeting": 15, "role": "عضو"}}, {"model": "meeting.membership", "pk": 22, "fields": {"employee": 4, "meeting": 15, "role": "عضو"}}, {"model": "meeting.membership", "pk": 23, "fields": {"employee": 5, "meeting": 15, "role": "عضو"}}, {"model": "meeting.membership", "pk": 24, "fields": {"employee": 6, "meeting": 15, "role": "عضو"}}, {"model": "meeting.membership", "pk": 25, "fields": {"employee": 7, "meeting": 15, "role": "عضو"}}, {"model": "meeting.membership", "pk": 26, "fields": {"employee": 7, "meeting": 15, "role": "عضو"}}, {"model": "meeting.membership", "pk": 27, "fields": {"employee": 4, "meeting": 16, "role": "عضو"}}, {"model": "meeting.membership", "pk": 28, "fields": {"employee": 2, "meeting": 16, "role": "دبیر"}}, {"model": "meeting.membership", "pk": 29, "fields": {"employee": 6, "meeting": 16, "role": "عضو"}}, {"model": "meeting.membership", "pk": 30, "fields": {"employee": 5, "meeting": 16, "role": "عضو"}}, {"model": "meeting.membership", "pk": 31, "fields": {"employee": 3, "meeting": 16, "role": "عضو"}}, {"model": "meeting.membership", "pk": 32, "fields": {"employee": 3, "meeting": 17, "role": "دبیر"}}, {"model": "meeting.membership", "pk": 33, "fields": {"employee": 4, "meeting": 17, "role": "عضو"}}, {"model": "meeting.proceeding", "pk": 1, "fields": {"proceeding_no": "آ/۱۲۳۴۵۶", "pdate": "2022-11-17", "ptime": "15:26:12", "loc": "سالن شهید هنری", "meeting": 1, "readonly": true, "upload": null}}, {"model": "meeting.proceeding", "pk": 2, "fields": {"proceeding_no": "567-m4-9", "pdate": "2022-11-12", "ptime": "15:26:00", "loc": "سالن شهید پرتوی", "meeting": 6, "readonly": false, "upload": "جلسه-شورای-دانشگاه/567-m4-9-1401-08-21.png"}}, {"model": "meeting.proceeding", "pk": 3, "fields": {"proceeding_no": "ب/۳۴۲۵/ن", "pdate": "2022-11-17", "ptime": "15:26:12", "loc": "سالن شهید پرتوی", "meeting": 1, "readonly": false, "upload": null}}, {"model": "meeting.proceeding", "pk": 4, "fields": {"proceeding_no": "42234/sdfs/43", "pdate": "2022-11-12", "ptime": "15:26:12.153", "loc": "سالن ریاست", "meeting": 1, "readonly": true, "upload": "2023-01-13 15:26:57.784036+00:00"}}, {"model": "meeting.proceeding", "pk": 5, "fields": {"proceeding_no": "geeer", "pdate": "2022-10-30", "ptime": "15:26:12", "loc": "sdfds", "meeting": 1, "readonly": true, "upload": null}}, {"model": "meeting.proceeding", "pk": 9, "fields": {"proceeding_no": "خ/۱۲۴۵/۳۴", "pdate": "2022-11-20", "ptime": "15:26:12.153", "loc": "سالن شهید هنری", "meeting": 11, "readonly": false, "upload": "2023-01-13 15:26:57.784036+00:00"}}, {"model": "meeting.proceeding", "pk": 10, "fields": {"proceeding_no": "گ/۱۲۳/ثث", "pdate": "2022-12-16", "ptime": "15:26:12.153", "loc": "دفتر گروه", "meeting": 9, "readonly": true, "upload": "2023-01-13 15:26:57.784036+00:00"}}, {"model": "meeting.proceeding", "pk": 11, "fields": {"proceeding_no": "2-1400", "pdate": "2021-04-24", "ptime": "15:26:12.153", "loc": "دفتر رئیس", "meeting": 1, "readonly": false, "upload": "2023-01-13 15:26:57.784036+00:00"}}, {"model": "meeting.proceeding", "pk": 12, "fields": {"proceeding_no": "3455", "pdate": "2023-01-04", "ptime": "03:03:00", "loc": "دفتر دانشکده", "meeting": 9, "readonly": false, "upload": "9/12.pdf"}}, {"model": "meeting.proceeding", "pk": 13, "fields": {"proceeding_no": "6755", "pdate": "2022-11-28", "ptime": "17:10:00", "loc": "سالن شهید پرتوی", "meeting": 9, "readonly": true, "upload": "9/13.pdf"}}, {"model": "meeting.proceeding", "pk": 14, "fields": {"proceeding_no": "3478", "pdate": "2022-11-28", "ptime": "08:02:00", "loc": "دفتر دانشکده", "meeting": 15, "readonly": false, "upload": "جلسه شورای دانشکده مهندسی/3478-1401-09-07.pdf"}}, {"model": "meeting.proceeding", "pk": 31, "fields": {"proceeding_no": "89", "pdate": "2022-07-25", "ptime": "15:00:00", "loc": "انصاری", "meeting": 15, "readonly": false, "upload": ""}}, {"model": "meeting.proceeding", "pk": 33, "fields": {"proceeding_no": "1", "pdate": "2024-07-30", "ptime": "11:00:00", "loc": "سالن همایش‌ها", "meeting": 16, "readonly": true, "upload": "16/33.pdf"}}, {"model": "meeting.proceeding", "pk": 35, "fields": {"proceeding_no": "9876", "pdate": "2024-08-19", "ptime": "10:00:00", "loc": "سالن رضایی", "meeting": 15, "readonly": false, "upload": ""}}, {"model": "meeting.proceeding", "pk": 37, "fields": {"proceeding_no": "456", "pdate": "2024-07-27", "ptime": "10:00:00", "loc": "مسجد امیرالمومنین", "meeting": 15, "readonly": false, "upload": "جلسه شورای دانشکده مهندسی/456-1403-05-23.jpeg"}}, {"model": "meeting.proceeding", "pk": 38, "fields": {"proceeding_no": "1", "pdate": "2024-08-22", "ptime": "12:00:17", "loc": "دفتر", "meeting": 17, "readonly": true, "upload": "17/38.pdf"}}, {"model": "meeting.participant", "pk": 1, "fields": {"proceeding": 1, "member": 1, "date_signed": null, "is_signed": false}}, {"model": "meeting.participant", "pk": 3, "fields": {"proceeding": 2, "member": 1, "date_signed": null, "is_signed": false}}, {"model": "meeting.participant", "pk": 4, "fields": {"proceeding": 2, "member": 2, "date_signed": null, "is_signed": false}}, {"model": "meeting.participant", "pk": 5, "fields": {"proceeding": 2, "member": 3, "date_signed": null, "is_signed": true}}, {"model": "meeting.participant", "pk": 6, "fields": {"proceeding": 3, "member": 1, "date_signed": null, "is_signed": false}}, {"model": "meeting.participant", "pk": 7, "fields": {"proceeding": 3, "member": 2, "date_signed": null, "is_signed": false}}, {"model": "meeting.participant", "pk": 9, "fields": {"proceeding": 4, "member": 2, "date_signed": null, "is_signed": false}}, {"model": "meeting.participant", "pk": 11, "fields": {"proceeding": 5, "member": 2, "date_signed": null, "is_signed": false}}, {"model": "meeting.participant", "pk": 12, "fields": {"proceeding": 9, "member": 2, "date_signed": null, "is_signed": false}}, {"model": "meeting.participant", "pk": 14, "fields": {"proceeding": 10, "member": 1, "date_signed": null, "is_signed": false}}, {"model": "meeting.participant", "pk": 15, "fields": {"proceeding": 10, "member": 3, "date_signed": null, "is_signed": true}}, {"model": "meeting.participant", "pk": 16, "fields": {"proceeding": 11, "member": 1, "date_signed": null, "is_signed": false}}, {"model": "meeting.participant", "pk": 17, "fields": {"proceeding": 11, "member": 2, "date_signed": null, "is_signed": false}}, {"model": "meeting.participant", "pk": 18, "fields": {"proceeding": 11, "member": 3, "date_signed": null, "is_signed": true}}, {"model": "meeting.participant", "pk": 19, "fields": {"proceeding": 12, "member": 1, "date_signed": null, "is_signed": false}}, {"model": "meeting.participant", "pk": 20, "fields": {"proceeding": 12, "member": 3, "date_signed": null, "is_signed": true}}, {"model": "meeting.participant", "pk": 67, "fields": {"proceeding": 9, "member": 3, "date_signed": null, "is_signed": true}}, {"model": "meeting.participant", "pk": 135, "fields": {"proceeding": 14, "member": 1, "date_signed": null, "is_signed": false}}, {"model": "meeting.participant", "pk": 136, "fields": {"proceeding": 14, "member": 2, "date_signed": null, "is_signed": false}}, {"model": "meeting.participant", "pk": 137, "fields": {"proceeding": 14, "member": 3, "date_signed": null, "is_signed": true}}, {"model": "meeting.participant", "pk": 138, "fields": {"proceeding": 14, "member": 4, "date_signed": null, "is_signed": false}}, {"model": "meeting.participant", "pk": 139, "fields": {"proceeding": 14, "member": 5, "date_signed": null, "is_signed": false}}, {"model": "meeting.participant", "pk": 151, "fields": {"proceeding": 37, "member": 4, "date_signed": null, "is_signed": false}}, {"model": "meeting.participant", "pk": 152, "fields": {"proceeding": 35, "member": 2, "date_signed": null, "is_signed": false}}, {"model": "meeting.participant", "pk": 157, "fields": {"proceeding": 31, "member": 3, "date_signed": null, "is_signed": true}}, {"model": "meeting.participant", "pk": 158, "fields": {"proceeding": 31, "member": 4, "date_signed": null, "is_signed": false}}, {"model": "meeting.participant", "pk": 159, "fields": {"proceeding": 31, "member": 5, "date_signed": null, "is_signed": false}}, {"model": "meeting.participant", "pk": 160, "fields": {"proceeding": 31, "member": 6, "date_signed": null, "is_signed": false}}, {"model": "meeting.participant", "pk": 165, "fields": {"proceeding": 38, "member": 3, "date_signed": null, "is_signed": true}}, {"model": "meeting.participant", "pk": 166, "fields": {"proceeding": 38, "member": 4, "date_signed": null, "is_signed": false}}, {"model": "meeting.participant", "pk": 169, "fields": {"proceeding": 13, "member": 3, "date_signed": null, "is_signed": true}}, {"model": "meeting.participant", "pk": 170, "fields": {"proceeding": 13, "member": 1, "date_signed": null, "is_signed": false}}, {"model": "meeting.participant", "pk": 172, "fields": {"proceeding": 33, "member": 2, "date_signed": null, "is_signed": false}}, {"model": "meeting.resolution", "pk": 1, "fields": {"item_no": "۴", "act_text": "مقرر شد زودتر کارهای انجام شود.", "resolution_type": "0", "result": true, "proceeding": 10, "stockholder_type": "کارکنان", "stockholder": 2}}, {"model": "meeting.resolution", "pk": 8, "fields": {"item_no": "۱", "act_text": "با درخواست درخواست حذف ترم خانم حبیبه مسلمی به کد ملی 299348733 مخالفت شد.", "resolution_type": "1", "result": false, "proceeding": 2, "stockholder_type": "کارکنان", "stockholder": 5}}, {"model": "meeting.resolution", "pk": 10, "fields": {"item_no": "44", "act_text": "با درخواست درخواست حذف درس آقای علی بادپروا به شماره دانشجویی 95149007 مخالفت شد.", "resolution_type": "2", "result": false, "proceeding": 2, "stockholder_type": "دانشجو", "stockholder": 4}}, {"model": "meeting.resolution", "pk": 11, "fields": {"item_no": "45", "act_text": "با درخواست درخواست مهمانی آقای عرفان رجب‌زاده به شماره دانشجویی 99149011 مخالفت شد.", "resolution_type": "3", "result": false, "proceeding": 2, "stockholder_type": "دانشجو", "stockholder": 6}}, {"model": "meeting.resolution", "pk": 12, "fields": {"item_no": "50", "act_text": "با درخواست درخواست حذف ترم آقای محمد ثابت به کد ملی 3051213277 مخالفت شد.", "resolution_type": "1", "result": false, "proceeding": 2, "stockholder_type": "کارکنان", "stockholder": 2}}, {"model": "meeting.resolution", "pk": 13, "fields": {"item_no": "۵۶", "act_text": "با درخواست درخواست حذف ترم آقای عرفان رجب‌زاده به شماره دانشجویی 99149011 مخالفت شد.", "resolution_type": "1", "result": false, "proceeding": 1, "stockholder_type": "دانشجو", "stockholder": 6}}, {"model": "meeting.resolution", "pk": 25, "fields": {"item_no": "1", "act_text": "با درخواست بازنشستگی آقای مجتبی - صباغ جعفری به کد ملی 3051213276 مخالفت شد.", "resolution_type": "5", "result": false, "proceeding": 38, "stockholder_type": "کارکنان", "stockholder": 3}}, {"model": "meeting.resolution", "pk": 26, "fields": {"item_no": "2", "act_text": "با درخواست درخواست حذف درس آقای عرفان رجب‌زاده به شماره دانشجویی 99149011 موافقت شد.", "resolution_type": "2", "result": true, "proceeding": 38, "stockholder_type": "دانشجو", "stockholder": 6}}, {"model": "meeting.resolution", "pk": 27, "fields": {"item_no": "3", "act_text": "با درخواست درخواست حذف ترم آقای علی بادپروا به شماره دانشجویی 95149007 موافقت شد.", "resolution_type": "1", "result": true, "proceeding": 38, "stockholder_type": "دانشجو", "stockholder": 4}}, {"model": "meeting.resolution", "pk": 34, "fields": {"item_no": "4", "act_text": "مصوب شد پهنای باند دانشجویان نامحدود باشد.", "resolution_type": "0", "result": true, "proceeding": 38, "stockholder_type": "0", "stockholder": null}}, {"model": "meeting.resolution", "pk": 35, "fields": {"item_no": "5", "act_text": "مقرر شد حجم اینترنت به اندازه کافی افزایش یابد.", "resolution_type": "0", "result": true, "proceeding": 38, "stockholder_type": "0", "stockholder": null}}, {"model": "meeting.resolutiontype", "pk": 1, "fields": {"resolution_type": "درخواست حذف ترم"}}, {"model": "meeting.resolutiontype", "pk": 2, "fields": {"resolution_type": "درخواست حذف درس"}}, {"model": "meeting.resolutiontype", "pk": 3, "fields": {"resolution_type": "درخواست مهمانی"}}, {"model": "meeting.resolutiontype", "pk": 4, "fields": {"resolution_type": "درخواست انتقالی"}}, {"model": "meeting.resolutiontype", "pk": 5, "fields": {"resolution_type": "موارد دیگر"}}]